报告名称,故障设备类型,其他时间,变电站名称,型号,塔号,投运时间,故障发现时间,故障名称,故障时情况,测试环境温度,测试环境湿度,生产厂家,电压等级,缺陷等级,设备类型,分析结论,建议及对策,故障分析过程,故障处理方法,故障描述,现场情况,状态量,状态描述,诊断分析,检修决策,匹配度
32-滨州-220kV绣周线跳闸事故调查分析报告-重合成功-鸟害-20160413,输电线路,"(跳闸发生时间（年/月/日/时/分/秒）,2016.4.135：50)、",,"(地线型号,GJ-50)、(导线型号（含分裂数）,1)、(绝缘子型号,FXBW-220/110)、","(起始塔号,#166)、(故障杆塔号,167)、(塔号,166)、(终点塔号,#172)、",,2016/4/13,鸟害,,,30%,,220kV,,绣周线,"4）""强送电情况""线路故障跳闸后，若重合不成功，则在此栏填写""强送时间""和""强送是否成功""，若成功填""是""，反之填""否""此故障段已进行过防鸟害改造和治理工作，已采取措施失效的原因为防鸟刺安装时间长，弹性退化致使打开角度存在问题，使鸟能站在横担上排泄粪便，造成鸟粪闪络综合以上分析结果，对本次故障的原因进行总结，具体的故障类别为鸟粪闪络造成",2、全面做好鸟害活动区域的调查统计工作，要求线路巡视人员在线路巡视时，认真做好鸟害活动区域的统计，为全面进行鸟害治理提供依据,因线路两端变电站皆非滨州公司管辖，所以具体数据无法得知若为交跨的两回线路间故障，应在上表中分别填写5）备注中注明故障时刻的运行电压（kV），其他需要补充说明的信息也在此栏填写1）描述故障线路及区段的基本情况，包括线路和故障区段基本信息、区段走向（示意图，并标注南北方位）、海拔高度、沿途地形地貌特征（如平地、丘陵、山地、河网、沿海等）、气候特征（如气候类型、主导风向等）等根据故障测距数据，滨州公司制定了以220kV绣周线线#168杆塔为中心，在#166～#172区段分3组进行巡视的巡检方案考虑到现场地形因素，巡检人员判断#166、#167、#168号杆塔发生故障的几率较高，因此对该区段进行了重点排查1）故障线路的走廊环境为跨越苗圃，本地区的鸟类迁徙规律为留鸟占多数，鸟的种类以麻雀居多；,输电运检室接调度通知后立即组织人员赶往现场进行故障巡视3）公司立即对220kV绣周线#167杆A相绝缘子进行了带电更换处理，消除运行中存在的隐患近5年该故障段第一次发生鸟害故障，之前采取的治理措施为加装防鸟刺，定期安排人员清理绝缘子上方的鸟窝，效果尚可1、公司立即对220kV绣周线#167杆A相绝缘子进行了带电更换处理，消除运行中存在的隐患3、根据鸟害治理计划，继续对杆塔上的鸟窝进行清理，并积极探索新的防鸟害的方法，按照公司防鸟害治理指导意见进行防鸟刺和驱鸟器等防鸟措施的落实,2）故障测距为距绣江站46.8km，距周村站4.16km（16８号杆塔附近），RCS-931B纵联差动、RCS-931BM纵联距离保护动作，重合成功1）跳闸时间为变电站内故障录波装置显示的跳闸时间；2）故障相别（或极性）1）2016年4月13日5时50分，220kV绣周线跳闸，RCS-931B纵联差动、RCS-931BM纵联距离保护动作，重合成功,绝缘子型号及片数若使用插花串等方式，型号和片数填写示例2*XP170/19+XWP240/2当日6时20分～6时30分，各组陆续抵达故障区段并开展地面检查；7时10分，巡检人员等塔后于#167杆塔A相位置处发现故障点2）4月13日7时10分，现场巡视时，故障区段为大雾天气，无风，气温在9℃～10℃之间，相对湿度为30%RH，降水量0mm现场地形以平原为主，海拔高度为0m，,杆塔,杆塔故障,"['滨州公司制定了以220kV绣周线线#168杆塔为中心', '巡检人员判断#166、#167、#168号杆塔发生故障的几率较高', '巡检人员等塔后于#167杆塔A相位置处发现故障点2）4月13日7时10分']","('需停电处理', 'B类修检', ['此故障段已进行过防鸟害改造和治理工作', '已采取措施失效的原因为防鸟刺安装时间长'])",84
101-聊城-220千伏堂庞线跳闸事故分析-重合不成-外力破坏-违章施工-20160822,输电线路,"(跳闸发生时间（年/月/日/时/分/秒）,2016/8/22/14/12)、(强送时间,14时19分)、",庞庄变电站,"(绝缘子,FXBW-220/120)、(杆塔,ZM6-26.7)、(杆塔型号,ZM6-26.7 ZM6-35.7)、(导线型号,LGJ-400/35)、(导线,2×LGJ-400/35)、(OPGW,OPGW-120)、(绝缘子型号,FXBW-220/120)、(地线型号,GJ-50，OPGW-120)、","(终点塔号,80#)、(塔号,79)、(起始塔号,74#)、",2008/5/27,2016/8/22,违章施工,"(故障时负荷(MW),122)、",,56%,,220kV,,堂庞线,"4）""强送电情况""线路故障跳闸后，若重合不成功，则在此栏填写""强送时间""和""强送是否成功""，若成功填""是""，反之填""否""②根据导线放电痕迹、线路通道内蔬菜大棚的位置及钢管放电痕迹，确认本次故障是外力破坏引起的故障属地管理单位责任心不强，没有及时发现并制止辖区内的施工隐患4、运检室隐患管理不细，将工作重点放在了通道树障的跟踪治理上，草率的低估了夏季高温期线下施工活动存在的可能性，对线路通道施工隐患的预防性不足",3、班组隐患点管理工作有漏洞，班组长没有定期开展隐患点的现场督导、没有坚持管控好排查人员的工作质量1、对公司输电线路跨越大棚区、简易厂房区等地段开展集中梳理排查，强化巡视力度，密化巡视频次，查找类似施工隐患，及时跟进治理加强对乡民的护线宣传力度，增强其自主防护意识2、加强施工隐患点的治理力度，改变以往定期到位排查的模式，但凡线路下方存在施工作业的，一律定专人全天候现场监护3、加强人员责任心管理，对于线路长期以来运行稳定滋生出人员警惕心不足、思想麻痹的势头坚决遏制，加强属地护线和社会护线队伍的培训管理，增强护线人员线路隐患的预见能力,若为交跨的两回线路间故障，应在上表中分别填写5）备注中注明故障时刻的运行电压（kV），其他需要补充说明的信息也在此栏填写表2故障区段基本情况（表中内容为示例）每周两次线路特巡，通道树障跟踪测量根据故障测距数据，聊城公司制定了以220kV堂庞线73杆塔为中心，在#65～#80区段分2组进行巡故障点查找的巡检方案综合考虑故障区段的地理特征、气候特征、故障期间的现场情况等，结合故障录波信息、闪络点痕迹等，判定是外力破坏引起的故障①巡视堂庞线#65-80区段，除#78-79线下大棚施工外无其他明显施工痕迹、区段内树线距离满足运行要求，询问附近菜农，确认故障发生时间段堂庞线#78-79附近有明显放炮声聊城公司冠县、莘县等地区存在大量的输电线路跨越蔬菜大棚现象，针对该类隐患，聊城公司重点采取三项措施进行预防，一是加大大棚区线路及通道存在大型工程线路段的防护力度，严防大棚塑料薄膜、施工垃圾等引起线路故障三是每年冬季结合线路巡视开展线下大棚隐患的专项安全宣传，在大棚显眼处张贴温馨提示卡，告知菜农安全注意事项,8月22日14时15分，聊城公司输电运检室接到调度命令后，随即组织7名巡视、技术、管理人员紧急赶赴现场进行故障点查找及巡视二是开展恶劣大风天气前、后线路特巡，对未压实、散落的薄膜进行处理，及时发现导线异物并进行摘除,2016年8月22日14时12分，220kV堂庞线纵联差动保护动作（从小号侧往大号侧方向看，交流单回线路左边相（A相）），重合不成14时19分，强送成功，故障时运行电压229kV，负荷122MW2）故障相别（或极性）,220kV堂庞线长29.4km，杆塔86基，投运时间是2008年5月27日，运维单位是国网聊城供电公司，属于国网山东省电力公司资产导线型号为2×LGJ-400/35、地线型号为GJ-50，OPGW-120，故障区段杆塔型号ZM6-26.7（#78塔）、ZM6-35.7（#79塔），绝缘子型号为FXBW-220/120，设计覆冰厚度为10mm、设计风速为15m/s故障区段始于#78塔，止于#79塔故障区段地形为平地，现场位置信息为跨越冠县蔬菜大棚区，故障区段有在建大棚一处8月22日15时30分，特巡人员抵达故障区段并开展地面检查，发现堂庞线#78-79线下有一处在建大棚，现场散落有大量用于搭建大棚骨架的钢管，钢管长14米余，大棚上方的导线表面及部分钢管表面可见明显的放电痕迹，如图1（导线放电痕迹的局部清晰照片）、图2（钢管放电痕迹的局部清晰照片）所示8月22日15时至16时现场巡视时，故障区段为晴好天气，北风，风速为2-3级，气温在31℃左右，相对湿度为56%RH，现场地形如图3（现场照片）所示1、220kV堂庞线#78-79线下大棚搭建的施工迹象在7月份就已发现，当时向户主下发了停工警告，户主随即停止了施工活动，在后期的排查过程中确实也未发现新的施工迹象，排查人员对该处隐患的注意力逐渐放松，对该点的排查周期拉长，致使户主再次施工时未能及时发现2、220kV堂庞线#78-79线地距离较大（8月22日测得数值为13.6米），一般蔬菜大棚的搭建高度在3-5米，考虑到安全距离裕度较大，排查人员没有将该处隐患当成重点隐患去跟进管控,导线,导线故障,['大棚上方的导线表面及部分钢管表面可见明显的放电痕迹'],"('需停电处理', 'A类修检', ['班组长没有定期开展隐患点的现场督导、没有坚持管控好排查人员的工作质量1、对公司输电线路跨越大棚区、简易厂房区等地段开展集中梳理排查', '查找类似施工隐患', '及时跟进治理加强对乡民的护线宣传力度', '增强其自主防护意识2、加强施工隐患点的治理力度', '改变以往定期到位排查的模式', '一律定专人全天候现场监护。加强人员责任心管理', '加强属地护线和社会护线队伍的培训管理'])",74
125-青岛-220kV西凤线跳闸分析报告（2016.12.17）,输电线路,"(跳闸发生时间（年/月/日/时/分/秒）,2016/12/17/06/48)、",,"(绝缘子型号,FXB)、(导线型号,LGJ-2×210)、(杆塔型号,ZG1-3)、(导线,151-162)、(地线型号,GJ-50)、","(塔号,1)、",2001/12/1,2016/12/17,220kV西凤线跳闸分析报告（2016.12.17）,"(故障时负荷(MW),0)、",,50%,,220kV,,西凤线,"4）""强送电情况""线路故障跳闸后，若重合不成功，则在此栏填写""强送时间""和""强送是否成功""，若成功填""是""，反之填""否""输电线路跳闸治理的效果还不明显，输电""三基""工作还有较大差距，线路本体及运行廊道标准化建设仍然任重道远",同时安排专人驾车对全线进行了排查，未发现其他路段的导、地线有悬挂漂浮物等异物的现象经过2天的排查，未发现导致西凤线跳闸的故障原因运维人员的业务水平有待进一步提高，不能快速有效的查找出故障原因1、充分利用班组大讲堂的方式，加强运维人员业务培训，不断提升专业水平2、规范开展线路巡视工作，及时发现并消除线路隐患、缺陷，确保线路安全运行利用明年春秋检对该线路进行隐患清除，提高设备健康水平,若为交跨的两回线路间故障，应在上表中分别填写5）备注中注明故障时刻的运行电压（kV），其他需要补充说明的信息也在此栏填写按故障测距初步确定的故障区段主要地形为平地，现场无施工、无高大树木，周边治安情况良好根据省电力公司要求，充分发挥属地化优势，已利用当地供电所建立属地化防护网络表2故障区段基本情况（表中内容为示例）根据故障测距数据，青岛公司制定了以220kV西凤线157号杆塔为中心，在#151～#162区段分2组进行重点巡视的巡检方案考虑到现场地形因素，巡检人员判断#155-#158号杆塔发生故障的几率较高，因此首先对该区段进行了重点排查结合220kV西凤线发生的历史故障分析，故障点均与实际故障点差异较小，说明该线路的保护测距装置正常，测量准确，故本次重点巡视及登杆范围确定为#151～#162,1）12月17日7时0分，青岛供电公司输电运检室接到调度命令后，随即组织工区专工和平度、莱西运维班共计25名巡视、技术、管理人员紧急赶赴现场进行故障点查找及巡视随后，2组人员进行了交叉巡视，至12点时，交叉巡视完成，未发现故障点，且根据现场周边人员打听询问，也未听到放电声自下午13、委派市域班组有经验的工作人员会同公司相关部门专业人员对220kV西凤线进行全面细致彻底的清查，摸清设备本体及通道隐患底数,1）2016年12月17日06时48分，220kV西凤线跳闸，重合成功，故障相别A相2）故障测距距离220kV凤光站8.65公里，查阅线路台账在220kV西凤线156-157号杆附近2）故障相别（或极性）,1）220kV西凤线全长58.6公里，起止杆号号#1~183号，其中平度市境内39公里，莱西市境内19.6公里，故障区段位于平度境内，全线铁塔92基，水泥双杆91基，投运时间是2001年12月1日，运维单位是国网青岛供电公司，属于国网山东省电力公司资产导线、地线型号分别为LGJ-2×210、GJ-50，设计覆冰厚度、设计风速分别为10mm、27m/s气候类型为温带气候，常年主导风为北风该故障区段，自投运以来，截至2016年11月底，未发生因外力破坏造成的线路跳闸当日7时45分，各组陆续抵达故障区段并开展地面检查2）12月17日8时45分，巡视人员首先重点排查了#155-#158号杆塔，未发现故障点随后2组人员以157号塔为中心分别向两侧扩展，至10时30分，运维人员完成对#151～#162区段的巡视，未发现故障点现场巡视时，故障区段天气晴，南风，风速为5m/s，气温在0℃～8℃间，相对湿度为50%RH现场地形以平地为主，海拔高度为70m，如图1、2现场地形情况说明照片3）12月17日下午，组织输电运维人员继续扩大巡视范围，故障点查找范围扩大至130-183号，该路段为与唐凤线同塔架设的新线路，2015年11月投产4）12月18日上午，公司安排登塔巡查，登塔范围为151-162号，上午10时，登塔巡查结束，未发现绝缘子及塔体有放电痕迹根据调度通知，保护测距为距离凤光站8.09公里，现场实查两套保护测距为8.265及8.666公里，故障发生时间为2016年12月17日6时48分，A相故障，故障电流31.335A220kV西凤线130-183号路段与唐凤线同塔架设，垂直排列，线路刚刚于2015年11月投产，设备健康水平高，且A相为上相，可以排除树障及机械外破事件由于在巡视过程中，未发现故障点，也未发现杆塔有鸟巢、异物，以及导线、绝缘子、杆塔放电点等，故不能确定故障原因,杆塔,杆塔故障,"['青岛公司制定了以220kV西凤线157号杆塔为中心', '巡检人员判断#155-#158号杆塔发生故障的几率较高', '巡视人员首先重点排查了#155-#158号杆塔', '也未发现杆塔有鸟巢、异物', '以及导线、绝缘子、杆塔放电点等']","('需停电处理', 'B类修检', ['同时安排专人驾车对全线进行了排查', '未发现其他路段的导、地线有悬挂漂浮物等异物的现象经过2天的排查', '不能快速有效的查找出故障原因1、充分利用班组大讲堂的方式', '加强运维人员业务培训', '确保线路安全运行。利用明年春秋检对该线路进行隐患清除'])",74
43-泰安-220kV泰岳线#52故障跳闸事件快报,输电线路,,,"(导线,2×LGJ-400/35)、(OPGW,OPGW-120/24)、","(塔号,52)、",2010/5/30,2015/8/22,220kV泰岳线#52故障跳闸事件快报,,,,,220kV,,泰岳线,5．事件造成主要影响（直接经济损失的初步估计、电网停电影响、设备损坏的初步情况等）,,220kV泰岳线#52塔中相小号侧防振器外导线（两子导线）上有明显放电痕迹，未造成断股，其他无异常情况，不影响线路安全运行220kV泰岳线#52中相（C相）导线放电痕迹情况,随即组织人员、车辆，对220kV泰岳线#1-#71进行全线故障巡视同时，通知属地护线员及时到故障测距点附近查看线路情况18时30分汇报泰安调控中心故障情况，不影响线路安全运行,1．事件发生的时间、地点、单位2015年8月22日15时30分，泰安供电公司管辖的220kV岳东站220kV泰岳线两套主保护动作，重合不成，强送成功，C相故障，泰岳线故障测距，岳东站侧5.7km,故障点在220kV泰岳线#52塔，地点在泰山区东部新区西张庄村220kV泰岳线#1-#71全线长20.725km，导线型号2×LGJ-400/35，左右架空地线为OPGW-120/24光缆，于2010年5月30日投运；220kV泰岳线#52塔型SZ21-30，塔全高46.5米设计单位为山东省电力咨询院，施工单位为山东省送变电工程公司泰岳线#52塔现场所属地域为泰山区东部新区西张庄村，#52塔前后为玉米地，通道环境良好，天气突变期间未发生漂浮物漂浮等异常现象泰山区东部新区突降雷暴雨，220kV泰岳线#52塔中相（C相）小号侧防振器外导线遭雷击,导线,导线故障,"['220kV泰岳线#52塔中相小号侧防振器外导线上有明显放电痕迹', '行220kV泰岳线#52中相导线放电痕迹情况', '220kV泰岳线#52塔中相小号侧防振器外导线遭雷击']","('需停电处理', 'A类修检', [])",74
44-威海-220kV昆银线5月5日雷击跳闸报告-重合成功-雷击-绕击-20160505,输电线路,"(跳闸发生时间（年/月/日/时/分/秒）,2016年5月5日17时56分21秒)、",,"(导线型号,2×JL/LB20A-400/35)、(OPGW,OPGW-126)、(绝缘子,FXBW-220/100)、(地线型号,左侧地线JLB40-120；右侧OPGW-126)、(型号及片数,FXBW-220/100)、(OPGW,OPGW-126(24)、(型号,ZM23- 39.0)、","(塔号,46)、(起始塔号,44#)、(终止塔号,46#)、",2011/7/13,2016/5/6,绕击,"(故障时负荷(MW),87)、",,80%,,220kV,,昆银线,"4）""强送电情况""线路故障跳闸后，若重合不成功，则在此栏填写""强送时间""和""强送是否成功""，若成功填""是""，反之填""否""本次事故暴露出差异化防雷治理工作不到位，未能针对近年来雷雨变化情况深入分析总结，细化落实各项治理工作措施1、雷雨季节即将来临，输电运检室应深入落实线路接地防雷治理工作措施，按照轻重缓急，在对雷击多发区的线路进行接地电阻测量的同时，加快不合格接地体整改工作，确保发现一处必整改一处，5月底完成治理整改工作，进一步提高输电线路防雷水平2、根据省公司修订的雷区分布图，结合气象部门的相关气象数据，对所辖线路沿线的雷电活跃程度进行合理评估，针对近年来强雷区逐步扩大，后期应结合停电计划将该区域的220kV线路杆塔加装金属氧化物避雷器",另外防雷治理工作进度缓慢，还需进一步加大力度,2）描述故障测距和故障录波信息（见附录）若为交跨的两回线路间故障，应在上表中分别填写5）备注中注明故障时刻的运行电压（kV），其他需要补充说明的信息也在此栏填写雷电记录与故障点塔号以及时间、测距信息基本吻合雷电定位系统查询情况见图2雷电定位系统查询，GIS截图见图3根据故障测距数据，威海供电公司制定了以220kV昆银线线44杆塔为中心，在#42～#48区段分2组进行巡视的巡检方案考虑到现场地形因素，巡检人员判断#44、#45、#46号杆塔发生故障的几率较高，因此对该区段进行了重点排查根据雷电定位系统的数据，结合故障录波信息和现场巡视情况，从落雷的时间为17时56分、落雷的幅值-29.8kA、落雷位置位于44#-46#塔之间等方面进行分析，可初步判断雷击的类型为绕击根据现场巡视时拍摄到的典型放电痕迹照片，从放电痕迹上分析此次闪络放电通道是属于典型的雷击放电通道，当时文登地区大面积落雷，且南风6-7级，雷击电流为-29.8kA，雷电流较小，因此判定故障跳闸为雷电绕击输电运检室针对杆塔接地电阻不合格和接地体断裂的杆塔，每年结合大修工程进行处理，目前已对180多基有问题的杆塔进行了治理220kV昆银线本次发生的故障为雷电绕击（故障录波分析报告及录波图时间由于时钟为校准与实际不符）,5月5日17时56分，威海供电公司输电运检室接到调度命令后，随即组织8名巡视、技术、管理人员紧急赶赴现场进行故障点查找及巡视,1）2016年5月5日17时56分21秒，220kV昆银线右边相（C相）故障跳闸，重合成功2）故障相别（或极性）近5年该线路共发生雷击0次，重合闸成功0次，造成故障停运0次,"2）接地形式填写""地线全线绝缘、地线分段绝缘、逐塔接地""220kV昆银线线长56.5km，铁塔151基，投运时间是2011年7月13日，设计、施工、运维单位分别是山东山东电力工程咨询院有限公司，山东送变电工程公司，威海供电公司，属于省公司资产故障段始于44号杆塔，止于46号杆塔，故障区段长度为956米，故障区段耐张段长度为1816米，故障杆塔为44#塔，经、纬度坐标为121°54\'20.94""，37°6\'18.756""，型号为ZM23-39.0导线、地线型号分别为2×JL/LB20A-400/35、左侧地线JLB40-120、右侧地线OPGW-126(24芯)，绝缘子配置为单串FXBW-220/100，接地形式为逐塔接地，故障杆塔相邻五基杆塔的接地电阻设计值为15Ω，故障杆塔基地电阻值为1.9Ω，雷害等级为Ⅱ级故障区段平均海拔高度为37.3m，主要地形为平地，濒临水系为母猪河，地面倾斜角为0，边相导线保护角为12.02°，现场位置信息为阳坡常年主导风为南风，风速为7m/s，常年平均气温在10℃～15℃之间，降水量50mm～200mm根据雷电定位系统查询，故障时间点前后17时56分00秒5分钟范围内，故障线路周边范围1km内有19处雷电活动记录，其中故障17时56分21秒内在昆银线附近有7次落雷，雷电流最大不超过-49kA，与故障时间最近的落雷雷电流为-29.8kA，最近杆塔为44号当日19时00分～19时10分，各组陆续抵达故障区段并开展地面检查；由于当时夜晚天气较黑且有大雾，未发现故障点5月5日17时56分，现场巡视时，故障区段为雷阵雨天气，南风，风力6-7级，气温在12℃～21℃之间，相对湿度为80%RH，降水量50mm～90mm现场地形为平地，地形以平原为主，海拔高度为37.3m5月5日晚上，由于现场天已黑，无法进行登杆检查5月6日9时40分，巡视人员再次对#42～#48进行了逐基登杆检查，在#44塔右边相（C相）检查时发现故障点，判定为雷击跳闸，并汇报调度该故障地区为平地，根据故障跳闸录波器故障测距及杆塔上均压环击穿及绝缘子闪络特点，初步确定是雷击故障",杆塔,电气故障,"['描述故障测距和故障录波信息雷电记录与故障点塔号以及时间、测距信息基本吻合雷电定位系统查询情况见图2雷电定位系统查询', '威海供电公司制定了以220kV昆银线线44杆塔为中心', '巡检人员判断#44、#45、#46号杆塔发生故障的几率较高', '因此判定故障跳闸为雷电绕击输电运检室针对杆塔接地电阻不合格和接地体断裂的杆塔', '目前已对180多基有问题的杆塔进行了治理220kV昆银线本次发生的故障为雷电绕击', '属于省公司资产故障段始于44号杆塔', '故障杆塔相邻五基杆塔的接地电阻设计值为15Ω', '故障杆塔基地电阻值为1.9Ω', '最近杆塔为44号当日19时00分～19时10分', '根据故障跳闸录波器故障测距及杆塔上均压环击穿及绝缘子闪络特点']","('需停电处理', 'B类修检', ['加快不合格接地体整改工作', '确保发现一处必整改一处', '5月底完成治理整改工作', '进一步提高输电线路防雷水平。根据省公司修订的雷区分布图', '对所辖线路沿线的雷电活跃程度进行合理评估', '后期应结合停电计划将该区域的220kV线路杆塔加装金属氧化物避雷器'])",74
45-山西-雷电定位系统监测发现220kV输电线路雷击跳闸,输电线路,,,"(杆塔,13.61kA)、(杆塔,2CG-JC4-18)、",,2011/12/30,2013/3/11,雷电定位系统监测发现220kV输电线路雷击跳闸,,,,,220kV,跳闸故障,输电线,,通过雷电定位系统的精确查询，缩小了故障巡视范围，缩短了故障点的查找时间，对雷击故障的准确判断提供强有力的理论技术支撑（4）雷电定位系统提供的雷电流数据，运维单位可以有效地检验输电线路杆塔的耐雷水平，更好地去应用于今后的输电线路防雷设计和防雷措施改进（5）雷电定位系统提供的落雷密度和落雷数，运维单位可以进一步确定地区的落雷分布情况，以便对今后的杆塔加装避雷器、地网开挖、检查、改造等防雷措施，提供一个科学的参考依据,雷电定位系统监测定位220kV输电线路雷电活动情况故障发生时段的天气情况为雷雨天气、伴有微风而故障时段雷电流幅值为110.5kA，23号塔耐雷水平符合运行要求，最终确定该线路发生的故障为雷电绕击（1）雷电定位系统是由国网电力科学研究院防雷技术研究所开发研制，工作人员可以按时间节点、线路名称、行政区域等选项进行有选择性的查询、参考（2）通过雷电定位系统查询，工作人员可以在第一时间内了解故障时段的落雷密度、雷电流幅值、正负主放电数等一系列参数，对输电线路的雷电活动过程进行全过程跟踪，更换地反映所辖区域内的输电线路雷电活动情况,通过雷电定位系统的查询数据，输电专业立即组织8名巡视人员分两组开展故障巡视，巡视范围首先定在21号至25号之间随后，我们对故障杆塔进行台帐资料查询、耐雷水平计算（3）工作人员利用该系统的精确查询功能，可以清楚地掌握故障时段雷击线路的落雷数、雷电流、回击数及雷击时的最近杆塔、最近距离，初步判定故障杆塔的大概位置，缩短巡视范围，让巡视人员在最短时间内找出雷击故障点，减少巡视人员的工作强度,案例名称【雷电定位系统定位220kV红桃Ⅰ线走廊内雷电活动情况】2013年3月11日23时43分，220千伏红桃Ⅰ线光差保护动作，A相跳闸，重合成功经保护测距，距桃东220千伏站1.64公里（23号杆塔附近）、距红卫220千伏站9.1公里（24号杆塔附近）,"通过雷电定位系统查询故障时段220千伏红桃I线落雷17次，幅值-110.5kA，距最近23号至24号杆塔距离为26米3月12日5时30分，输电专业组织人员在21号至25号杆塔范围内，进行登杆事故巡查,7时45分巡查人员发现红桃I线23号A相双串引流串横担处有明显雷击痕迹，立即对23号杆塔进行故障处理经过人员登杆检查，发现220千伏红桃Ⅰ线23号塔A相跳线空气间隙击穿，跳线横担处、均压环、复合绝缘子串有放电痕迹均有放电闪络痕迹（如图3），发现的故障点与雷电定位系统基本吻合220千伏红桃Ⅰ线23号杆塔塔型为2CG-JC4-18，海拔高度为719m，处山顶位置，线路两侧跨越山谷，故障杆塔的绕击耐雷水平为13.61kA，反击耐雷水平为117.43kA",杆塔,电气故障,"['雷电定位系统监测定位220kV输电线路雷电活动情况故障发生时段的天气情况为雷雨天气、伴有微风而故障时段雷电流幅值为110.5kA', '距最近23号至24号杆塔距离为26米3月12日5时30分', '输电专业组织人员在21号至25号杆塔范围内', '立即对23号杆塔进行故障处理经过人员登杆检查', '发现的故障点与雷电定位系统基本吻合220千伏红桃Ⅰ线23号杆塔塔型为2CG-JC4-18', '故障杆塔的绕击耐雷水平为13.61kA']","('需停电处理', 'B类修检', ['缩短了故障点的查找时间', '以便对今后的杆塔加装避雷器、地网开挖、检查、改造等防雷措施'])",74
53-滨州-220kV双河线跳闸故障报告-重合不成-外力破坏-异物短路-20160531,输电线路,"(跳闸发生时间（年/月/日/时/分/秒）,2016年5月31日08时54分)、(强送时间,09时01分)、",,"(绝缘子型号,#7：XWP-10#8：FXBW-220/100)、(杆塔型号,ZG7、GJ6-18.5)、(地线型号,OPGW、LGJ-95/55)、(导线型号,2×LGJ-300)、","(起始塔号,#7)、(塔号,9)、(终点塔号,#8)、",1991/5/22,2016/5/31,异物短路,"(故障时负荷(MW),123.8)、",,37%,,220kV,,双河线,考虑到现场因素，发生异物短路故障的几率较高，巡视小组对该区段进行了重点排查，并积极走访附近居民、路人了解事件情况,2、通道及周边环境的治理，对大规模、长时段的异物隐患加强监控3、加强对沿线群众的电力设施保护的宣传教育通过对线路的巡视，发现线下地上残留的电弧烧蚀后的残留物（彩带），并通过望远镜观察附近的导地线，发现明显的放点痕迹，确认故障点2、通道及周边环境的治理，对大规模、长时段的异物隐患加强监控3、加强对沿线群众的电力设施保护的宣传教育加大对通道、周边环境的治理力度不够，异物预警体系不够健全，沿线居民对彩带、地膜等异物造成的线路安全隐患认识不足1、继续加大对通道、周边环境的治理，健全异物预警体系，对大规模、长时段的异物隐患加强监控，必要时进行蹲守2、加强电力设施保护的宣传教育，从根本上减少异物的来源，提高线路运行质量3、加强对大棚密集区、西瓜种植区、彩带缺陷高发区的特巡工作，定期告知农户、业主绑牢塑料薄膜，将生产必需的彩带裁短，防止短接导线4、充分调动护线员、属地供电所的积极性，建立异物隐患台帐，加大异物隐患点的防控力度,表2故障区段基本情况（表中内容为示例）根据故障测距数据，滨州供电公司制定了以220kV双河线#9杆塔为中心，在#7～#11区段分2组进行巡视的巡检方案导线异物短路现场照片如图1、2所示，导线下方残留部分烧焦的彩带，导线B相有明显的放电痕迹，对发现的断股地线第一时间进行了修补如图3综合考虑故障区段的地理特征、气候特征、故障期间的现场情况等，结合故障录波信息、闪络点痕迹等，排除线路发生其他故障的可能性，初步确定是异物短路故障,为防止因外力破坏造成的线路跳闸，2016年，滨州供电公司在故障区段内组织开展了统计吊车信息、通道及周边环境的治理、加强电力设施保护的宣传教育等多项防外破工作，取得了较好的效果5月31日09时05分，滨州供电公司输电运检室接到调度命令后，随即组织9名巡视、技术、管理人员紧急赶赴现场进行故障点查找及巡视,2016年5月31日08时54分05秒，220kV双河线B相故障跳闸，重合闸无动作，09时01分商河站侧强合，09时03分合环成功，故障时负荷为123.8MW,220kV双河线21.4230km，局属长度16.326km，铁塔54基，投运时间是1991年5月22日，运维单位是滨州供电公司，属于省公司资产#7杆塔型号为故障区段始于#7杆塔，止于#8杆塔故障区段主要地形为平地，现场位置信息为施工区域，周边治安情况良好气候类型为温带季风气候，常年主导风为西北风，风速为5.5m/s该故障区段，自投运以来，截至2016年5月31日，未发生因外力破坏造成的线路跳闸当日10时10分～10时30分，各组陆续抵达故障区段并开展地面检查10时40分，巡视人员发现#7-#8段导线靠近#7杆侧线下发现部分有烧灼痕迹的彩带，如图1（事故现场彩带照片）所示，并运用望远镜在B相导线发现明显相间放电痕迹，如图2（放电痕迹的局部清晰照片）所示，同时发现上方地线断股5月31日10时30分，现场巡视时，故障区段为多云天气，东北风，风速为8.5m/s，气温在17℃～28℃之间，相对湿度为37%RH，降水量0mm现场地形以平地为主，海拔高度为20m,导线,导线故障,"['在#7～#11区段分2组进行巡视的巡检方案导线异物短路现场照片如图1、2所示', '导线下方残留部分烧焦的彩带', '导线B相有明显的放电痕迹', '巡视人员发现#7-#8段导线靠近#7杆侧线下发现部分有烧灼痕迹的彩带', '并运用望远镜在B相导线发现明显相间放电痕迹']","('需停电处理', 'A类修检', ['巡视小组对该区段进行了重点排查', '对大规模、长时段的异物隐患加强监控3、加强对沿线群众的电力设施保护的宣传教育通过对线路的巡视', '对大规模、长时段的异物隐患加强监控3、加强对沿线群众的电力设施保护的宣传教育加大对通道、周边环境的治理力度不够', '对大规模、长时段的异物隐患加强监控', '必要时进行蹲守2、加强电力设施保护的宣传教育', '提高线路运行质量3、加强对大棚密集区、西瓜种植区、彩带缺陷高发区的特巡工作'])",74
54-青岛-220kV胶挪线6月11日跳闸故障分析报告重合成功-其他-20160611,输电线路,"(跳闸发生时间（年/月/日/时/分/秒）,/06/05)、",,"(地线型号,GJ-70)、(绝缘子型号,FXBW-220/120)、(导线,LGJQF-400)、(导线型号,LGJQF-400)、(OPGW,OPGW-120)、(杆塔型号,ZG1，ZG4)、","(终点塔号,#59)、(塔号,59)、(起始塔号,#58)、",2014/11/12,2016/6/11,其他,,,,,220kV,跳闸故障,胶挪线,"4）""强送电情况""线路故障跳闸后，若重合不成功，则在此栏填写""强送时间""和""强送是否成功""，若成功填""是""，反之填""否""光缆断落过程中与导线摩擦导致外皮损伤综合考虑故障区段的地理特征、气候特征、故障期间的现场情况等，结合故障录波信息、闪络点痕迹，初步确定故障原因是胶挪线#58~59档内废旧的ADSS光缆断落挂在导线上导致线路跳闸在断落过程中，ADSS光缆外皮与中相导线严重磨损导致光缆外绝缘受损，同时ADSS光缆表面刮集了不少导线上的污渍，加上故障时天气有雾导致ADSS光缆内部纤维受潮，以及本身电腐蚀、脏污影响，导致ADSS光缆在靠近#58杆金具（相对于地电位）约3~4米处沿光缆表面放电，导致线路故障从本次故障点查找和故障原因分析，暴露出的问题是（1）线路ADSS隐患排查不到位，对废旧光缆存在的缺陷隐患及缺陷隐患的严重程度排查不仔细；（2）对排查出来的隐患问题严重性认识不足，""三敏""意识不强，没有对发现的问题进一步分析落实，并及时安排处理","根据故障录波信息，查询线路台帐得知故障点大致位于#58-#59，因此重点将巡视范围控制在#55~#62之间，巡视人员巡视至#58~#59时，发现该档ADSS光缆已断落，横跨在道路中央，断落的光缆在靠近#58杆处挂在中相导线上，导线处有明显放电痕迹，ADSS光缆表面有划痕、破裂，在ADSS光缆预绞丝及防震鞭前后光缆有多处放电痕迹，故确定事故原因为废旧ADSS光缆断落过程中，与导线接触摩擦并划伤ADSS光缆外皮，导致导线对光缆放电引起跳闸（1）加强ADSS光缆隐患排查力度和深度，进一步安排专门的登杆检查拍照，及时发现电腐蚀严重、金具锈蚀严重等可能引起断线故障的隐患，特别是存在""三跨""情况的ADSS光缆，要切实认真进行排查，发现隐患及时处理（2）对已排查出来的废旧ADSS光缆隐患，进一步分类整理，对不需要停电拆除的及时安排计划于6月底前完成，对需要停电拆除的，结合220kV线路停电计划进行拆除",（查阅台账为胶挪线#59前后）若为交跨的两回线路间故障，应在上表中分别填写5）备注中注明故障时刻的运行电压（kV），其他需要补充说明的信息也在此栏填写表2故障区段基本情况（表中内容为示例）根据调控中心的故障录波分析，故障发生在2016年6月11日6时05分，故障录波测距离胶州站15.43kM，B相故障\t5月底，按照公司要求，输电运检室组织各班组进行ADSS光缆隐患排查，通过排查共计发现ADSS光缆隐患17处，其中16处属于废旧光缆，计划于6月底之前全部拆除；1处在运ADSS光缆由于运行时间长、老化严重，已报信通公司，建议列项目，结合停电进行更换（3）对于在运的220kV兴里线光缆，由于运行时间较长、老化严重，列入大修技改计划，结合停电对ADSS光缆更换为OPGW光缆,6月11日6时50分，青岛公司输电运检室接调控中心通知后，立即安排所属班组进行故障巡视故障后，输电运检室立即申请临时停电，对#57-#61档内废旧光缆进行拆除该17处隐患于6月3日已反馈公司信通部门，并与公司信通公司沟通确认，其中胶挪线废旧的ADSS光缆，原计划结合6月17日220kV胶挪线停电进行拆除,2016年6月11日06时05分，220kV胶挪线跳闸，重合成功故障录波为B相，两侧均无开关分合闸变位，胶州站故障录波测距15.43kM2）故障相别（或极性）,220kV胶挪线线路全长38.47km，共146基杆塔，于2014年11月12日投运线路为原220kV岛胶、沧黄线经多次开断改造形成，运维单位为国网青岛供电公司输电运检室故障点位于#58~#59档，所属耐张段为#52~#62，耐张段长度3444米，导线型号为LGJQF-400，地线型号为OPGW-120，建成于1989年，运行时间已达27年故障地段位于青岛市城阳区，线路跨越公路（线路在前，公路在后），胶挪线#58、#59均为水泥杆，导线对地距离9.7米，符合安全距离要求6月11日早晨，故障区段天气多云，气温在18℃～22℃间，风力3-4级查阅台账在胶挪线#59牵前后，实际故障点在#58`59档内，故障相与距离，与调度通知吻合到达故障现场后，工作人员对断落的ADSS光缆断点及放电点等进行了勘察分析，通过勘察分析，发现ADSS光缆为原崂胶线废旧的ADSS光缆（14年底以及15年线路改造，线路全线已更换为OPGW），断点位于胶挪线#59杆小号侧，具体原因为电腐蚀造成ADSS光缆外绝缘受损、破断，光缆自重基本由光缆内芯承受，长期运行后在风力作用下导致ADSS光缆断落,,故障,"['表2根据调控中心的故障录波分析', '故障发生在2016年6月11日6时05分', '故障录波测距离胶州站15.43kM', '，按照公司要求', '，输电运检室组织各班组进行ADSS光缆隐患排查', '输电运检室组织各班组进行ADSS光缆隐患排查', '通过排查共计发现ADSS光缆隐患17处', '其中16处属于废旧光缆', '计划于6月底之前全部拆除；1处在运ADSS光缆由于运行时间长、老化严重', '，建议列项目', '，结合停电进行更换对于在运的220kV兴里线光缆', '结合停电进行更换对于在运的220kV兴里线光缆', '由于运行时间较长、老化严重', '，结合停电对ADSS光缆更换为OPGW光缆', '结合停电对ADSS光缆更换为OPGW光缆', '220kV胶挪线线路全长38.47km', '，于2014年11月12日投运线路为原220kV岛胶、沧黄线经多次开断改造形成', '于2014年11月12日投运线路为原220kV岛胶、沧黄线经多次开断改造形成', '运维单位为国网青岛供电公司输电运检室故障点位于#58~#59档', '所属耐张段为#52~#62', '耐张段长度3444米', '，运行时间已达27年故障地段位于青岛市城阳区', '运行时间已达27年故障地段位于青岛市城阳区', '线路跨越公路（线路在前', '，胶挪线#58、#59均为水泥杆', '胶挪线#58、#59均为水泥杆', '导线对地距离9.7米', '符合安全距离要求6月11日早晨', '，气温在18℃～22℃间', '气温在18℃～22℃间', '风力3-4级查阅台账在胶挪线#59牵前后', '实际故障点在#58`59档内', '，与调度通知吻合。到达故障现场后', '，工作人员对断落的ADSS光缆断点及放电点等进行了勘察分析', '工作人员对断落的ADSS光缆断点及放电点等进行了勘察分析', '，发现ADSS光缆为原崂胶线废旧的ADSS光缆（14年底以及15年线路改造', '发现ADSS光缆为原崂胶线废旧的ADSS光缆（14年底以及15年线路改造', '线路全线已更换为OPGW）', '断点位于胶挪线#59杆小号侧', '具体原因为电腐蚀造成ADSS光缆外绝缘受损、破断', '光缆自重基本由光缆内芯承受', '长期运行后在风力作用下导致ADSS光缆断落']","('需停电处理', 'B类修检', ['导致线路故障。从本次故障点查找和故障原因分析', '暴露出的问题是线路ADSS隐患排查不到位', '对废旧光缆存在的缺陷隐患及缺陷隐患的严重程度排查不仔细；对排查出来的隐患问题严重性认识不足', '并及时安排处理', '导致导线对光缆放电引起跳。闸加强ADSS光缆隐患排查力度和深度', '进一步安排专门的登杆检查拍照', '要切实认真进行排查', '发现隐患及时处理对已排查出来的废旧ADSS光缆隐患', '对不需要停电拆除的及时安排计划于6月底前完成', '对需要停电拆除的', '结合220kV线路停电计划进行拆除'])",74
66-青岛-220kV西凤线6月15日跳闸故障分析报告-重合成功-外力破坏-异物短路-20160615,输电线路,"(跳闸发生时间（年/月/日/时/分/秒）,2016/06/15/07/44)、",,"(杆塔型号,ZG1-3)、(绝缘子型号,FXB)、(地线型号,GJ-50)、(导线型号,LGJQ-400)、","(塔号,77)、(终点塔号,87#)、(起始塔号,77#)、",2001/12/1,2016/6/15,异物短路,"(故障时负荷(MW),9.2)、",,75%,,220kV,,西凤线,"4）""强送电情况""线路故障跳闸后，若重合不成功，则在此栏填写""强送时间""和""强送是否成功""，若成功填""是""，反之填""否""经现场巡视查明，故障原因为78号防震锤挂上反光膜将绝缘子短路，造成对地放电，导致线路跳闸，如图3防震锤上残留的反光膜、图4绝缘子放电痕迹、图5地面残留反光膜③根据闪络痕迹，结合收集的其它相关信息，经综合分析可以确定线路跳闸原因为反光膜在强风作用下被刮到线路导线上，被防震锤挂住，后在风力作用下将绝缘子短接，造成线路对地放电跳闸通过本次故障暴露出设备运维单位治理输电线路周边易飘浮物不彻底，工作留有死角，未能严格按照省电力公司运维检修部通知[2016]137号《关于进一步加强输电线路周边易漂浮物管理的通知》要求做好易飘浮物的综合治理工作",严格按照省电力公司运维检修部通知[2016]137《关于进一步加强输电线路周边易漂浮物管理的通知》要求做好易飘浮物的综合治理工作1、对辖区内临近输电线路的果园、塑料大棚等易漂浮物的集中场所开展一次集中排查，收集隐患信息，建立线路防护区内易漂浮物重点隐患档案台账2、利用属地化护线优势，对业主、种植户进行走访宣传，开展大棚、果园户主安全知识专题宣传教育，定期张贴、发放宣传材料3、规范开展线路巡视，大风天气后、阴雨天气前、易发旋风区域及时开展线路特巡，发现并消除异物挂落导线等隐患,若为交跨的两回线路间故障，应在上表中分别填写5）备注中注明故障时刻的运行电压（kV），其他需要补充说明的信息也在此栏填写表2故障区段基本情况（表中内容为示例）根据故障测距数据，青岛公司制定了以220kV西凤线78号杆塔为中心，在#73～#83区段分2组进行巡视的巡检方案考虑到现场地形因素，巡检人员判断#77、#78、#79号杆塔发生故障的几率较高，因此对该区段进行了重点排查根据调控中心的故障录波分析，故障发生在2016年6月15日7时44分，故障录波测距离胶州站34kM，A相故障综合考虑故障区段的地理特征、气候特征、故障期间的现场情况等，结合故障录波信息、闪络点痕迹等，排除线路发生其他故障的可能性，初步确定是异物短路故障①根据绝缘子串放电痕迹、防震锤上残留的反光膜，结合地上残留的电弧烧蚀后的反光膜残留物，确认故障点为78号杆,1）6月15日7时48分，青岛供电公司输电运检室接到调度命令后，随即组织18名巡视、技术、管理人员紧急赶赴现场进行故障点查找及巡视近5年来该故障段未发生同类故障，青岛供电公司根据省公司的要求一方面充分利用属地化优势，建立了以当地供电所人员为主组成的属地化防护网络，另一方面根据省公司的要求组织进行易漂浮物的综合治理工作积极引导大棚户主将大棚中使用的铁丝更换为尼龙绳，将遮阳网、反光膜、锡箔纸等用木桩、地锚和绳索进行可靠固定,2016年6月15日7时44分，220kV西凤线跳闸重合成功，故障相别A相故障测距距离220kV凤光站34公里，查阅线路台账在220kV西凤线78号杆附近2）故障相别（或极性）,220kV西凤线全长58.6公里，其中平度市境内39公里，莱西市境内19.6公里，故障区段位于平度境内，全线铁塔92基，水泥双杆91基，为原唐西线开断进阳光站形成，投运时间是2001年12月1日，运维单位是国网青岛供电公司，属于国网山东省电力公司资产导线、地线型号分别为LGJQ-400、GJ-50，设计覆冰厚度、设计风速分别为10mm、27m/s故障点位于220kV西凤线#78杆，所属耐张段为#77~87故障区段主要地形为平地，现场无施工、无高大树木，周边治安情况良好气候类型为温带气候，常年主导风为北风该故障区段，自投运以来，截至2016年5月底，未发生因外力破坏造成的线路跳闸当日8时50分～9时10分，各组陆续抵达故障区段并开展地面检查；10时09分，巡检人员于#78杆塔A相绝缘子及防震锤位置处发现故障点2）6月15日10时09分，现场巡视时，故障区段天气阴，西北风，风速为5m/s，气温在16℃～20℃之间，相对湿度为75%RH，降水量20mm～25mm现场地形以平地为主，海拔高度为70m，如图1、2现场地形情况说明照片3）现场绝缘子有喷伤，考虑到该线路运行时间较长，计划16日安排带电更换故障绝缘子查阅台账在胶挪线#78杆塔，实际故障点在也在#78杆塔，故障相与距离，与调度通知吻合②经走访附近村民，当地14日夜间发生雷雨大风强对流天气，故障发生前有强阵风发生，且附近500米内有果园，反光膜来自于该果园,杆塔,电气故障,"['表2根据故障测距数据', '青岛公司制定了以220kV西凤线78号杆塔为中心', '巡检人员判断#77、#78、#79号杆塔发生故障的几率较高', '巡检人员于#78杆塔A相绝缘子及防震锤位置处发现故障点2）6月15日10时09分', '计划16日安排带电更换故障绝缘子查阅台账在胶挪线#78杆塔', '实际故障点在也在#78杆塔']","('需停电处理', 'B类修检', ['未能严格按照省电力公司运维检修部通知[2016]137号《关于进一步加强输电线路周边易漂浮物管理的通知》要求做好易飘浮物的综合治理工作', '严格按照省电力公司运维检修部通知[2016]137《关于进一步加强输电线路周边易漂浮物管理的通知》要求做好易飘浮物的综合治理工。作1、对辖区内临近输电线路的果园、塑料大棚等易漂浮物的集中场所开展一次集中排查'])",74
67-青岛-220kV上黄线6月16日跳闸故障分析报告-重合成功-外力破坏-异物短路-20160616,输电线路,"(跳闸发生时间（年/月/日/时/分/秒）,2016/06/16/20/40)、",,"(绝缘子型号,FXB)、(地线型号,GJ-70)、(导线型号,LGJQ-400/50)、(杆塔型号,ZG1)、","(终点塔号,135#)、(起始塔号,126#)、(塔号,149)、",,2016/6/16,异物短路,,,,,220kV,,上黄线,"4）""强送电情况""线路故障跳闸后，若重合不成功，则在此栏填写""强送时间""和""强送是否成功""，若成功填""是""，反之填""否""通过本次故障暴露出设备运维单位治理输电线路周边易飘浮物不彻底，工作留有死角，未能严格按照省电力公司运维检修部通知[2016]137号《关于进一步加强输电线路周边易漂浮物管理的通知》要求做好易飘浮物的综合治理工作",由于夜晚巡视较为困难，重点查找了平日掌握的隐患点青岛供电公司根据省公司的要求一方面充分利用属地化优势，建立了以当地供电所人员为主组成的属地化防护网络，另一方面根据省公司的要求组织进行易漂浮物的综合治理工作同时，加大巡视力度，对线路周边保护区的易漂浮物开展清查、加固、清理工作严格按照省电力公司运维检修部通知[2016]137《关于进一步加强输电线路周边易漂浮物管理的通知》要求做好易飘浮物的综合治理工作1、对辖区内临近输电线路的果园、塑料大棚等易漂浮物的集中场所开展一次集中排查，收集隐患信息，建立线路防护区内易漂浮物重点隐患档案台账2、利用属地化护线优势，对业主、种植户进行走访宣传，开展大棚、果园户主安全知识专题宣传教育，定期张贴、发放宣传材料3、规范开展线路巡视，大风天气后、阴雨天气前、易发旋风区域及时开展线路特巡，发现并消除异物挂落导线等隐患,由于为高阻接地，两个站内测得的距离相差较大，经过综合分析认为故障点位于#106~#149（220kV黄埠站）范围内若为交跨的两回线路间故障，应在上表中分别填写5）备注中注明故障时刻的运行电压（kV），其他需要补充说明的信息也在此栏填写表2故障区段基本情况（表中内容为示例）线路属地化班组胶州输电运检班、即墨输电运检班、输电运维二班分别对220kV上黄线胶州段、即墨段、城阳段进行夜间故障巡视根据故障测距情况，将巡视重点放在220kV上黄线城阳段#106~#149询问周边住户，住户反映昨日晚上8点左右，住户所在区域风力特别巨大，线路有巨大放电声，并伴有亮光3）导线喷伤不严重无断股，可继续运行根据调控中心的故障录波分析，故障发生在2016年6月16日20时40分，故障测距距离220kV上程站44.21公里，距离220kV上程站10公里由于为高阻接地，两个站内测得的距离相差较大，但可经过综合分析认为故障点位于#106~#149（220kV黄埠站）范围内实际查找到的故障点位于#133~#134，位于分析的故障范围之内综合考虑故障区段的地理特征、气候特征、故障期间的现场情况等，结合故障录波信息、闪络点痕迹等，排除线路发生其他故障的可能性，初步确定是异物短路故障①根据简易钢结构车棚、导线上残留的喷伤痕迹，结合附近住户的描述，确认故障点为78号杆#133~#134之间,1）6月16日20时40分，青岛供电公司输电运检室接到调度命令后，随即组织20名巡视、技术、管理人员紧急赶赴现场进行故障点查找及巡视2）6月17日08时00分，输电运检室派出3辆故障巡视车辆、9名故障巡视人员进行新一轮故障巡视同时护线大队也独立进行故障巡视经过现场确认此处为故障点积极引导大棚户主将大棚中使用的铁丝更换为尼龙绳，将遮阳网、反光膜、锡箔纸等用木桩、地锚和绳索进行可靠固定,2016年6月16日20时40分，220kV上黄线跳闸重合成功，故障相别C相故障测距距离220kV上程站44.21公里，距离220kV上程站10公里2）故障相别（或极性）,220kV上黄线全长44.458公里，沿途经过胶州市、即墨市、城阳区，故障区段位于城阳区境内，运维单位是国网青岛供电公司，属于国网山东省电力公司资产故障点位于220kV上黄线#133~#134，所属耐张段为#126~#135故障区段主要地形为平地，现场无施工、无高大树木，周边治安情况良好气候类型为温带气候，常年主导风为北风至6月17日01时20分未发现故障点6月17日14时10分，故障巡视人员巡查到#133~#134走廊内，发现线下一处简易的钢结构车库有放电痕迹，导线对车库垂直距离5.5米，对地距离7.5米②16日晚上8点左右，故障现场风力特别巨大，将简易钢结构车棚棚顶遮阳网上的塑料布吹起，导致线路安全距离不足，对钢结构车棚放电,导线,导线故障,"['并伴有亮光3）导线喷伤不严重无断股', '初步确定是异物短路故障根据简易钢结构车棚、导线上残留的喷伤痕迹', '导线对车库垂直距离5.5米']","('需停电处理', 'A类修检', ['未能严格按照省电力公司运维检修部通知[2016]137号《关于进一步加强输电线路周边易漂浮物管理的通知》要求做好易飘浮物的综合治理工作', '重点查找了平日掌握的隐患点青岛供电公司根据省公司的要求一方面充分利用属地化优势', '对线路周边保护区的易漂浮物开展清查、加固、清理工作严格按照省电力公司运维检修部通知[2016]137《关于进一步加强输电线路周边易漂浮物管理的通知》要求做好易飘浮物的综合治理工作1、对辖区内临近输电线路的果园、塑料大棚等易漂浮物的集中场所开展一次集中排查'])",74
8-威海-220kV昆银线、银泽线故障跳闸分析报告（威海）2016.02.15,输电线路,,,,"(塔号,129)、",11-Jun,2016/2/16,220kV昆银线、银泽线故障跳闸分析报告（威海）2016.02.15,,,,,220kV,,昆银线,威海公司在线路防舞动治理方面认识不足，特别是对微气象、微地形的调查、估计不足自2006年以来，威海公司全面开展防舞动治理工作，但输电线路舞动与气象条件、线路通道地理环境等诸多因素密切相关，未能有效分析总结实际运行经验，调查舞动微气象、微地形地区，对突发性异常气象条件下的防舞动因素，未能制定针对性防舞动治理措施,1、进一步明确输电线路防舞动治理工作要求2、全面开展输电线路防舞动治理工作3、继续做好公司所属输电线路防舞动隐患排查5、进一步加强输电线路在线监测装置管理工作，将输电线路在线监测装置纳入设备本体管理范畴充分发挥在线监测装置作用，第一时间掌握线路现场运行情况，报送调控中心，做好事故预想和应急保障工作同时有效积累现场运行经验，指导下一步防舞动治理工作,原因为省电力咨询院依据省公司原有舞动区域划分图设计，乳山市行政区域主要为1级舞动区现场风力为9-10级西北风，伴有小雪，通过分析现场地势地貌及当时气象，判定为该区域产生微气象导致该段线路导线覆冰舞动，造成两条线路跳闸对原有未采取防舞动措施的同塔多回线路（三相垂直排列）区段全线加装防舞动相间间隔棒；对三相三角排列的线路，结合沿线运行经验和线路走向，调查舞动微气象、微地形地区，有针对性采取防舞动治理措施，补装间隔棒均采用预绞丝式连接目前威海地区全面属于2级舞动区，根据国网公司《架空输电线路防舞设计规范》设计要求，对线路路径、导线、金具、绝缘子、杆塔及基础在设计阶段综合性考虑防舞动措施，进一步提高线路本体抗风能力,2月13日，16时07分接到跳闸信息后，立即组织市县公司人员带电查线由于夜间巡视能见度低，巡视人员并未发现故障点河北省公司防舞动相间间隔棒导线端连接金具处发生断线事故后，我公司根据国网公司2013年版《架空输电线路防舞设计规范》，在防舞动治理方面进行选择性安装，只在档距较大的东西走向的220千伏银泽线30个档内和220千伏昆银线32个档内，设计安装防舞动相间间隔棒按全线安装原则，需要补装线路18条，补装相间防舞动间隔棒1688支对其余未全部安装防舞动间隔棒的220千伏线路，制定防舞动间隔棒补装计划，利用今年的春、秋检时间完成补装在两年时间内，结合停电走线和利用红外测温、无人机对非预绞丝式连接的防舞动相间复合间隔棒进行全面排查，确保防舞动相间复合间隔棒应用安全可靠,1、16时07分，220千伏银泽线两侧保护动作跳闸，A、C相故障，强送成功18时14分，220千伏银泽线两侧保护动作跳闸，A、C相故障，强送成功2、16时23分，220千伏昆银线两侧保护动作跳闸，A、C相故障，强送成功,02月13日，雨转阵雪，气温-4~4℃，西北风6~7级，阵风10级根据故障录波器测距值测算，初步判断故障点为220千伏银泽线#80-#83塔（220千伏昆银线#127-#130塔同塔架设）之间，值班人员到达现场后报告，现场局部风力达到10级以上，导线正在舞动，舞动最大幅值为3米现场人员初步判断为冻雨导致线路导线覆冰，大风造成线路舞动2月14日，组织输电运检室人员对220千伏银泽线#80-#83塔（220千伏昆银线#127-#130塔同塔架设）进行了详细排查，在220千伏银泽线#81-#82塔（220千伏昆银线#128-#129塔同塔架设）发现故障点220千伏银泽线全线104基铁塔、线路全长39.025公里；220千伏昆银线全线151基铁塔，全线长56.5公里220千伏银泽线#33-#104塔与220千伏昆银线#80-#151塔同塔架设，两条线路于2011年6月建成投运，线路由省电力咨询院设计现场线路舞动段220千伏银泽线#80-#83塔档距分别为538米、506米、655米，线路走向为东北-西南走向，与冬春季节主导风向夹角小于45度，均未安装防舞动相间间隔棒220千伏银泽线#80-#83塔（昆银线#127-#130塔同塔架设），线路成东北-西南走向，位于山区，周边无施工、反光膜等安全隐患，线路通道良好，故障当天无雷电活动，故排除外破、雷击故障截至目前，公所所属输电线路已安装防舞动相间复合间隔棒220kV线路22条，共计3902支，110kV线路4条、共计140支，35kV线路27条、共计906支,导线,导线故障,"['判定为该区域产生微气象导致该段线路导线覆冰舞动', '对线路路径、导线、金具、绝缘子、杆塔及基础在设计阶段综合性考虑防舞动措施', '舞动最大幅值为3米现场人员初步判断为冻雨导致线路导线覆冰']","('需停电处理', 'A类修检', ['进一步明确输电线路防舞动治理工作要求2、全面开展输电线路防舞动治理工作3、继续做好公司所属输电线路防舞动隐患排查5、进一步加强输电线路在线监测装置管理工作'])",74
19-威海-220千伏威凤Ⅱ线跳闸事故分析报告-重合不成-外力破坏-吊车碰线-20160323,输电线路,,,"(导线,2*LGJF2-300)、(导线,2*JL/LB1A-300/40)、","(塔号,15)、",Sep-93,2016/3/23,吊车碰线,,,,,220kV,,威凤Ⅱ线,据了解，施工业主单位为威海绿苑园林工程有限公司，肇事车辆为威海经区盛辉装卸队的轮式汽车吊，本次作业为当天中午开始，目的是在成大路边移栽绿化树木，肇事司机承认接受过电力安全教育，也了解相关安全注意事项，但由于思想麻痹，操作不慎，造成吊臂与导线安全距离不足，线路短路跳闸1、威海公司在线路运行维护以及隐患排查治理工作上，仍存在不到位的情况根据输电线路通道情况评估，对易发生违章施工的线路区域，在线路监拍装置安装完成前，临时雇佣群众护线员每天进行蹲守,1、进一步加强与园林的协作2、进一步加大防外力破坏看护力度，适量增加群众护线员数量和区段，提高线路安全防护水平3、加快输电线路可视化建设工作，与厂家协商，先行开展输电线路监拍试点工作，在重点隐患区域安装监拍装置，提前做好输电线路外破隐患监控工作，确保线路安全可控、在控4、加大外力破坏事故处置力度联系律师事务所进行民事诉讼，按照财产保全等法律规定，扣留施工车辆,威凤Ⅱ线#15-#16线路下方吊车支腿处炸开痕迹威凤Ⅱ线#15-#16A相导线放电痕迹及断股情况,"威海公司输电运检室接到故障通知后，立即组织人员进行故障查线14点50分，市经信委、电力公安、公司运检部、安监部、党群部人员到达现场，进行了现场勘查确认考虑到线路跨路情况，输电运检室曾多次对现场施工人员进行安全宣传，签订了隐患通知书，并埋设了多块禁止施工和植树警示牌按照""每日一巡""的工作要求，该线路于3月23日当天上午10时左右进行过巡视，未发现吊车施工情况事故地点在威海市经济开发区，2015年威海公司根据""防外破三十条治理措施""工作要求已与经区园林管理处达成协作意向，并于2016年年初到经区园林管理处进行了走访但因该处绿化由经区园林管理处进行了转包，且未按照电力协作意见对该施工单位进行电力安全告知，造成该单位施工时未及时通知输电运检室进行现场监护，进而引发线路事故跳闸4月1日前，完成威海市四区三县园林管理处2016年建设项目备案工作，掌握绿化项目实施的具体情况，包括施工地点、施工单位、施工工期等相关信息，对绿化地点在线路周边的项目，第一时间联系施工单位，签订施工安全告知书，确保城市绿化全过程管控现正进行经济损失鉴定工作，下一步将进行起诉，有效震慑电力设施破坏违法违章行为",13时50分，220千伏威凤Ⅱ线两侧纵联距离保护和纵联差动保护动作A相故障跳闸，重合不成13时55分强送成功故障录波器测距显示故障点距凤林站1.55公里，距威海电厂5.07公里保护测距显示距凤林站1.6公里，距威海电厂6.4公里,（威凤Ⅱ线全长5.085公里，计算故障点位置在#15塔附近）14时15分，巡视人员发现，威凤Ⅱ线#15-#16塔线路旁边30米外有一吊车和装载树木的卡车，检查发现吊车吊臂和支腿以及导线下方地面有明显放电痕迹，A相（中相）导线上有明显放电痕迹，且导线存在起包断股情况220千伏威凤Ⅱ线起点位置为威海电厂，终点位置为凤林站，共19基塔（其中#1~#19与220千伏威凤Ⅰ线#1~#19同塔架设），全长5.085公里#1-#15导线为2*LGJF2-300斜排双分裂导线，#15-#19导线为2*JL/LB1A-300/40垂直双分裂导线，于1993年9月投运#15、#16塔均为耐张塔，档距为216米，#15塔型号为SJ6（18），呼称高18米；#16塔型号为J11-21，呼称高21米#15-#16跨越威海成大路，位于道路两边绿化带外,,故障,"['威凤Ⅱ线#15-#16线路下方吊车支腿处炸开痕迹威凤Ⅱ线#15-#16A相导线放电痕迹及断股情况', '（威凤Ⅱ线全长5.085公里', '计算故障点位置在#15塔附近）', '，威凤Ⅱ线#15-#16塔线路旁边30米外有一吊车和装载树木的卡车', '威凤Ⅱ线#15-#16塔线路旁边30米外有一吊车和装载树木的卡车', '检查发现吊车吊臂和支腿以及导线下方地面有明显放电痕迹', 'A相导线上有明显放电痕迹', '且导线存在起包断股情况220千伏威凤Ⅱ线起点位置为威海电厂', '，共19基塔（其中#1~#19与220千伏威凤Ⅰ线#1~#19同塔架设）', '，全长5.085公里#1-#15导线为2*LGJF2-300斜排双分裂导线', '全长5.085公里#1-#15导线为2*LGJF2-300斜排双分裂导线', '#15-#19导线为2*JL/LB1A-300/40垂直双分裂导线', '于1993年9月投运#15、#16塔均为耐张塔', '，#15塔型号为SJ6（18）', '#15-#16跨越威海成大路', '位于道路两边绿化带外']","('需停电处理', 'B类修检', ['线路短路跳闸1、威海公司在线路运行维护以及隐患排查治理工作上', '仍存在不到位的情况。根据输电线路通道情况评估', '在线路监拍装置安装完成前', '进一步加强与园林的协作2、进一步加大防外力破坏看护力度', '提高线路安全防护水平3、加快输电线路可视化建设工作', '在重点隐患区域安装监拍装置'])",73
94-临沂-220kV费蒙I线跳闸分析报告-重合成功-雷击-绕击-20160807,输电线路,"(跳闸发生时间（年/月/日/时/分/秒）,2016/08/07/17/12)、(强送时间,/)、",,"(绝缘子,FXBW-220/120)、(型号及片数,FXBW-220/120)、(地线型号,OPGW-100/24)、(OPGW,OPGW-100/24)、(导线型号,LGJ-400/35)、(型号,SJT13-21)、","(起始塔号,#1)、(塔号,9)、(终止塔号,#9)、",2006/9/6,2016/8/9,绕击,"(故障时负荷(MW),118.3)、",,75%,,220kV,,费蒙I线,经分析确定本次故障原因为#10塔C相吊串遭雷击所致综合以上分析结果，220kV费蒙I线本次发生的故障为#10塔C相吊串雷电绕击所致1.总结、分析线路雷击故障及防雷措施应用效果，结合线路运行经验和沿线地形、地貌、地质、地势，逐步摸清或划定雷电易击点杆塔和多雷区段区域2.根据线路重要程度、地形地貌的特点、雷电活动的强弱、土壤电阻率高低等，综合分析，采取装设降低土壤电阻率等措施,,雷电定位系统未显示线路附近的落雷点根据故障测距数据和雷电定位系统数据，制定了以#8杆塔为中心，在#1-#18区段分3组进行巡视的巡检方案故障区段内没有发现鸟粪、鸟窝等，根据跳闸时间和天气排除鸟害可能,由于雷雨天气，视线不好，没有进一步组织进行巡视8日早晨公司组织15名巡视、技术、管理人员紧急赶赴现场进行故障点查找及巡视,2016年08月07日17点12分，费县电厂220kV费蒙I线纵联距离、纵联距离保护动作跳闸，重合成功，C相故障，测距2.29公里，测距结果在#9塔附近（3）近5年该线路共发生雷击1次，重合闸成功1次，造成故障停运0次，故障段为,（1）220kV费蒙I线全线由临沂公司管辖，长44.3km，杆塔150基，投运时间是2006年9月6日，设计、施工、运维单位分别是山东电力工程咨询院、临沂超越电力建设公司、临沂输电运检室，属于省公司资产根据测距结果故障段始于费县电厂，止于#9杆塔，故障区段耐张段长度为2.3公里，故障杆塔为#10，经、纬度坐标为117.927661292255、35.3089457导线、地线型号分别为LGJ-300/40、OPGW-100/24，绝缘子配置为FXBW-220/120，接地形式为放射性，故障杆塔相邻五基杆塔的接地电阻设计值分别为3.2、3.5、3.5、3.2（2）故障区段平均海拔高度为156m，主要地形为丘陵，地面倾斜角为10度，边相导线保护角为30度，现场位置信息为丘陵8月7日17时12分，临沂公司输电工区接到调度通知，因当时费县地区有大雨和雷暴天气，巡视人员对#1-#18号的通道进行了巡视，没有发现异物和通道附近施工作业现象巡视人员通过无人机巡视发现#10塔C相吊串上下均压环上有明显的放电痕迹，经分析确定本次故障原因为雷击所致220kV费蒙I线故障区段为农田，主要种植玉米、花生，跳闸时间为下午，雷雨天气，通道范围内没有发现施工痕迹和易漂浮物，且C相为中相（垂直排列），排除外力破坏的可能经无人机巡视发现在#10塔C相吊串上有明显的放电痕迹，雷电定位系统没有显示有落雷现象，但运维人员在听到2次打雷声音后接到工区跳闸的通知,杆塔,电气故障,"['雷电定位系统未显示线路附近的落雷点根据故障测距数据和雷电定位系统数据', '制定了以#8杆塔为中心', '故障杆塔相邻五基杆塔的接地电阻设计值分别为3.2、3.5、3.5、3.2故障区段平均海拔高度为156m']","('需停电处理', 'B类修检', [])",73
1-江苏-220千伏桃晓2571线#26塔耐张线夹发热,输电线路,,,"(耐张线夹,NY-300/40)、(导线,LGJ-300/40)、(金具,GB/T2317.3-2008)、","(塔号,26)、",Apr-00,2012/6/23,220千伏桃晓2571线#26塔耐张线夹发热,,,,,220kV,危急缺陷,桃晓2571线,,,,,,,,故障,[],"('需停电处理', 'B类修检', [])",70
16-浙江-红外测温发现220kV店新4463线20#A相大号侧耐张线夹严重发热,输电线路,,,"(耐张线夹,1-1A)、",,1995/5/8,2012/11/30,红外测温发现220kV店新4463线20#A相大号侧耐张线夹严重发热,,8℃,,,220kV,严重缺陷,店新4463线,（1）导线与金具为螺栓连接，随着运行年限增加，接触面严重锈蚀、氧化，导致过热（2）导电接触面存在导电膏，随着运行年限增加，导电膏导电能力逐渐下降，导致过热（3）接头螺栓强度不够，随着运行年限增加，接触面间的压力逐渐减小，致使过热（4）导电接触面存在杂质，随着运行年限增加，杂质的积累使得导电能力逐渐下降，导致过热（5）部分设备连接金属部件强度低、质量差，外加运行工况较差，经过一段时间运行后机械性能大幅下降，导致产生过热,大量事实说明红外热成像检测技术能够行之有效的发现设备过热缺陷，除了例行周期性红外测温以外，适当增加线路停电前的红外测温工作，能够有效指导设备检修，提高检修工作效率和质量（1）线路应结合新设备验收与C级检修，确保引流板导电接触面干净，不留异物，同时使用导电膏，避免接触面接触不良导致过热（2）接头的连接应使用强度合适的螺栓，避免由于螺栓强度不足造成接触面松动、压力下降（3）日常工作中，应加强红外热成像检测技术的应用，及时发现问题，并及时进行处理,20#杆塔耐张线夹在进行红外成像检测时，发现A相大号侧线夹连接器处温度异常，对此点进行精确测量，选择成像的角度、色度，拍下清晰的图谱，如图1-1所示，并将此情况立即上报技术组对图谱进行仔细分析，发现A相大号侧耐张线夹连接点处温度异常，连接点温度25.5℃，导线温度10.3℃，环境温度为8℃，根据《DL/T644-2008带电设备红外诊断技术应用导则》中的公式计算，推算出相对温差为86.857％判断热像特征是以线夹和接头为中心的热像，热点明显；故障特征为接触不良；缺陷性质为严重缺陷测试距离,工区在接到信息后，立即组织技术人员对该点进行复测，核实确为耐张线夹温度过高，为避免该缺陷持续发展影响线路安全运行，工区即刻组织检修人员进行带电处理工区在接到该信息后，即刻着手安排带电作业具体消缺方法采用输电工区群创项目成果，即作业人员利用绝缘软梯，进入电场开展等电位作业，就位后将引流线两端用专用短接线进行搭接转流，短接线两端经仪器测量电流值相同后，把发热点的引流板接头螺栓打开，检查并清除内部的异物，涂上导电膏并恢复引流线夹，最后拆除短接线，作业人员退出电场完成消缺，经消缺后的跟踪复查，引流板恢复正常运行,案例名称【红外测温发现220kV店新4463线20#A相大号侧耐张线夹严重发热】2012年11月30日，输电运检工区红外测温工作人员在对店新4463线进行日常检测过程中发现，线路20#塔A相大号侧耐张线夹连接点处温度异常，连接点温度25.5℃，导线温度10.3℃，环境温度为8℃，推算出相对温差为86.857％，从数据判断为严重缺陷,国网嘉兴供电公司220kV店新4463线，220千伏店新4463线起于500千伏王店变电所迄于220千伏跃新变电所，线路全长25.563千米，其中单回路14.601千米、双回路长度10.962千米；杆塔总基数为81基，其中直线铁塔57基，耐张铁塔24基,,故障,"['20#杆塔耐张线夹在进行红外成像检测时', '发现A相大号侧线夹连接器处温度异常', '，选择成像的角度、色度', '选择成像的角度、色度', '，所示', '，并将此情况立即上报技术组对图谱进行仔细分析', '并将此情况立即上报技术组对图谱进行仔细分析', '发现A相大号侧耐张线夹连接点处温度异常', '连接点温度25.5℃', '，环境温度为8℃', '，根据《DL/T644-2008带电设备红外诊断技术应用导则》中的公式计算', '根据《DL/T644-2008带电设备红外诊断技术应用导则》中的公式计算', '推算出相对温差为86.857％判断热像特征是以线夹和接头为中心的热像', '热点明显；故障特征为接触不良；缺陷性质为严重缺陷测试距离', '国网嘉兴供电公司220kV店新4463线', '220千伏店新4463线起于500千伏王店变电所迄于220千伏跃新变电所', '线路全长25.563千米', '其中单回路14.601千米、双回路长度10.962千米；杆塔总基数为81基', '，耐张铁塔24基', '']","('需停电处理', 'B类修检', ['大量事实说明红外热成像检测技术能够行之有效的发现设备过热缺陷', '能够有效指导设备检修', '提高检修工作效率和质量线路应结合新设备验收与C级检修', '应加强红外热成像检测技术的应用', '并及时进行处理'])",70
3-青岛-220kV崂平线跳闸分析报告-重合不成-外力破坏-违章施工-20150123,输电线路,,,,,,,违章施工,,,,,220kV,,,对易发生外破的杆塔进行加高改造，加装线路警示标志牌及警示灯，变被动防外破为主动防外破四、继续强化防外破日报制度及防外破周例会制度，及时掌握管辖范围内每日外力隐患情况，掌握各外协线路防护队伍工作情况，有针对性开展防外破工作,进一步深化线路外力隐患排查和护线宣传的通知加强树主宣传教育，严禁私自使用大型机械在线路附近装运、移栽树木二、加强线路巡视力度，缩短巡视周期，增加巡视频次，及时发现防护区内的隐患情况提高全员防外破忧患意识，提高巡视人员对线路周边流动外力点的警觉性及预先判断能力，做到对潜在外力隐患可控、能控、在控,,一、输电运检室及各县公司全面梳理排查输电线路防护区内影响线路运行的树木苗圃情况，采用附表格式统计，采取措施及时修剪处理树障三、深刻反省此次线路故障教训，冬训期间开展全员防外破教育,,,,故障,[],"('需停电处理', 'B类修检', ['对易发生外破的杆塔进行加高改造', '加装线路警示标志牌及警示灯', '进一步深化线路外力隐患排查和护线宣传的通知。加强树主宣传教育', '严禁私自使用大型机械在线路附近装运、移栽树木二、加强线路巡视力度'])",70
4-安徽-红外热像检测发现220kV线路耐张线夹过热,输电线路,,,,,1998,2013/7/17,红外热像检测发现220kV线路耐张线夹过热,,37℃,80%,,220kV,严重缺陷,安石2844线,,,,,,,,故障,[],"('需停电处理', 'B类修检', [])",70
55-湖北-红外热像检测发现220KV樊东二回#037杆耐张线夹发热,输电线路,,,"(导线,2*LGJX-300/25)、(耐张线夹,717.80A)、","(塔号,037)、",1999/8/12,12-Feb,红外热像检测发现220KV樊东二回#037杆耐张线夹发热,,2℃,,,220kV,严重缺陷,樊东二回#037杆耐张线,,,,,,,,故障,[],"('需停电处理', 'B类修检', [])",70
64-冀北-红外热像测温发现220kV滦周一线42#大号侧线夹过热缺陷,输电线路,,,,,2008/7/28,,红外热像测温发现220kV滦周一线42#大号侧线夹过热缺陷,,1℃,25%,,220kV,严重缺陷,滦周一线,专家现场确认此次线夹过热为严重缺陷，缺陷原因为线路负荷过大，线夹螺栓松动，建议拧紧螺母，消除缺陷,（1）此次缺陷发现、跟踪试验到确定缺陷性质，是通过红外测温及例行试验相结合的结果，对今后设备状态评价及状态检修计划的制定，起到了积极作用,"根据带电测试结果对比投运后首次测试及历年试验结果，如下表工作人员在例行测试时发现红外测温图像中线夹明显有过热痕迹，返回工区进行报告分析依据DL/T664-2008《带电设备红外诊断应用规范》中相对温差的计算公式其中T1为发热点温度，T2代表正常温度,T0代表环境温度,经计算220kV滦周一线42#大号侧线夹的相对温差δ为88.826%，达到了《带电设备红外诊断应用规范》中规定的电流至热设备诊断中输电导线连接器的严重标准，认定属于严重缺陷（2）红外测温对导线线夹类电流致热型缺陷的判断较为困难，故障温差较小，特点不明显，且DL/T664-2008《带电设备红外诊断应用规范》对110kV以上设备未明确规定正常温度，只能结合运行经验和运行规程判断正常温度，建议明确设备不同时间段的正常温度，以提高设备隐患的发现率",在例行带电测试时发现该线路42#大号侧线夹过热，通过红外测温及相关试验比对后，确定缺陷原因系线路负荷过大，线夹螺栓松动，为严重缺陷，结合停电对其进行紧固线夹后恢复正常现场紧固线夹照片,案例名称【红外热像测温发现220kV滦周一线42#大号侧线夹过热缺陷】220kV滦周一线42#大号侧线夹过热红外测温报告,"冀北电力有限公司承德供电公司负责运维220kV滦周一线，线路全长16.254KM,2008年7月28日投运，施工单位为承德昊源电力承装有限公司结果显示，相对湿度为25%，环境温度为24.1℃，线夹温度为76.9℃,参照输电线路运行规程线夹的正常温度为30℃",线夹,线夹故障,"['工作人员在例行测试时发现红外测温图像中线夹明显有过热痕迹', 'T2代表正常温度,T0代表环境温度,经计算220kV滦周一线42#大号侧线夹的相对温差δ为88.826%', '红外测温对导线线夹类电流致热型缺陷的判断较为困难', '线夹温度为76.9℃,参照输电线路运行规程线夹的正常温度为30℃']","('不需停电处理', 'D类修检', ['对今后设备状态评价及状态检修计划的制定'])",70
68-山东-红外热像检测发现220kV威文线耐张引流线夹过热,输电线路,,,"(导线,LGJ-400/50)、(引流线,2-1220kV)、(引流线,2-2)、",,1998,12-May,红外热像检测发现220kV威文线耐张引流线夹过热,,8℃,,,220kV,危急缺陷,威文线,经过综合分析判断，初步认为是由于引流线夹接触不良引起过热（1）线夹与金具为螺栓连接，随着运行年限增加，接触面严重锈蚀、氧化，导致过热（2）接头螺栓强度不够（4.8级），随着运行年限增加，导线微风振动致使螺栓松动，接触面间接触不良，致使过热（3）导线与线夹在压接过程中，压接质量存在问题，外加运行工况较差，经过一段时间运行后，导致产生过热（1）线夹导电接触面涂薄层凡士林，禁止使用导电膏，避免接触面接触不良导致过热,大量事实说明红外热成像检测技术能够行之有效的发现设备过热缺陷，除了例行周期性红外测温以外，适当增加线路停电前的红外测温工作，能够有效指导设备检修，提高检修工作效率和质量（2）接头的连接应使用强度8.8级的螺栓，并且加装双螺母，避免由于螺栓松动造成接触面接触不良以上对设备检修工艺和质量提出了更高的要求，保证检修质量，全面考虑不留死角，而且在设备检修过程中对线夹的处理将更具针对性，避免日后出现过热现象,2012年5月份大修前，测试人员对该线路全线耐张引流线夹进行了红外热成像检测并对该线夹进行了精确测温，选择成像的角度、色度，拍下了清晰的图谱，如图2-1所示，并将此情况上报运检部对图谱的认真分析后发现220kV威文线1#塔A相大号侧耐张引流线夹温度异常，表面最高温度72.5℃，负荷电流700A根据《DL/T644-2008带电设备红外诊断技术应用导则》中的公式计算，温升53.7K依据电流致热型设备缺陷诊断判据，判断热像特征是以线夹和引流板为中心的热像，热点明显；故障特征为接触不良；缺陷性质为危急缺陷综合考虑以前测温数据，均未见异常引流线夹开夹检查照片如图2-2所示以上检修结果对红外测试结果进行了很好的印证红外热成像检测中红外图谱正常,经过停电开夹检查后发现该引流线夹与引流板连接处螺丝松动，表面氧化严重检修人员开夹后，对表面氧化物进行打磨处理，并重新对螺丝进行紧固下一步结合停电开夹检查深入诊断分析随即制定消缺检查方案检修人员将威文线1#塔A相大号侧耐张引流线夹开夹后，发现该引流线夹与引流板连接处螺丝松动，表面氧化严重检修人员对表面氧化物进行打磨处理，并重新对螺丝进行紧固经过检修人员开夹后，对表面氧化物进行打磨处理，并重新对螺丝进行紧固，送电后复测，测量数据合格（3）加强对导线压接时监督，压接管上打钢印，做到谁压接谁负责，提高压接质量,案例名称红外热像检测发现220kV威文线耐张引流线夹过热在测温过程中，发现220kV威文线1#塔A相大号侧耐张引流线夹温度异常，表面最高温度72.5℃，当时负荷电流700A220kV威文线1#塔A相大号侧耐张引流线夹开夹后，发现该引流线夹与引流板连接处螺丝松动，表面氧化严重,威海供电公司220kV威文线1998年投入运行，导线型号为LGJ-400/50220kV威文线1#塔耐张引流板在进行红外热成像检测时，发现220kV威文线1#塔A相大号侧耐张引流线夹温度分布异常,线夹,线夹故障,"['测试人员对该线路全线耐张引流线夹进行了红外热成像检测并对该线夹进行了精确测温', '并将此情况上报运检部对图谱的认真分析后发现220kV威文线1#塔A相大号侧耐张引流线夹温度异常', '判断热像特征是以线夹和引流板为中心的热像', '均未见异常引流线夹开夹检查照片如图2-2所示以上检修结果对红外测试结果进行了很好的印证红外热成像检测中红外图谱正常', '发现220kV威文线1#塔A相大号侧耐张引流线夹温度分布异常']","('不需停电处理', 'D类修检', ['大量事实说明红外热成像检测技术能够行之有效的发现设备过热缺陷', '能够有效指导设备检修', '提高检修工作效率和质量接头的连接应使用强度8.8级的螺栓', '并且加装双螺母', '避免由于螺栓松动造成接触面接触不良。以上对设备检修工艺和质量提出了更高的要求', '保证检修质量', '而且在设备检修过程中对线夹的处理将更具针对性'])",70
